"Tweets","Sentiments"
"edUAUBDedUBAUA 

Amazon responds to report of Echo sending recorded conversation AMZN

TSLA goog AAPL FB TWTR
",0
"is having conversations while editing the new This one is about and will be online soon httpst",2
"If your starts slowing down when using apps or playing games ",0
"and join forces to sort you out 
Alexa can now schedule meetings with your contacts",2
"and join forces to sort you out 
Alexa can now schedule meetings with your contacts",2
"is having conversations while editing the new This one is about and will be online soon",2
"Can we find the manager at that decided to include in the windows install and hit them repeatab",2
"Read our roundup on the latest news devs and demos from Microsoft on our here",0
"Read our roundup on the latest news devs and demos from Microsoft on our here",0
"Read our roundup on the latest news devs and demos from Microsoft on our here",0
"heroes Chief will never give up on Cortana Never make a girl a promise you cant keep  ",2
"Read our roundup on the latest news devs and demos from Microsoft on our here",0
"is the best assistant way underrated",2
"Someone kept telling me they keep getting spam on their work computer turns out its just an ad",2
"How smart are 
 and in answering your questions",2
"Read our roundup on the latest news devs and demos from Microsoft on our here",0
"Alexa amp Cortana join forces to sort you out Apples Siri could decline your incoming phone calls",1
"Alexa amp Cortana join forces to sort you out",2
"Why are digital assistants women edUAUBDedUBUA At least my can have a male voice ",0
"Translator for  has now integration and support along with offline Neural Mach",2
"My Wife is trying to match your voice for Cortana in her new Costume Random Halo quotes are fun",2
"From  Big jump for  China growing fast

   ",2
"and join forces to sort you out 
Alexa can now schedule meetings with your contacts",2
"acquisition will boost the companys digital assistant as well as the companys",2
"X Where has this woman been all my life edUAUBDedUBUDUUFEF",0
"Read our roundup on the latest news devs and demos from Microsoft on our here",0
"The plan for s is apparently that the will be more assistive rather than an assistant",0
"and join forces to sort you out 
Alexa can now schedule meetings with your contacts",2
"and join forces to sort you out 
Alexa can now schedule meetings with your contacts",2
"Read our roundup on the latest news devs and demos from Microsoft on our here",0
"We wonder if their new acquisition will be the key to revolutionising s  httpstc",2
"What started at O conference will be pursued by other big firms too Not surprised by move to make",0
"What started at O conference will be pursued by other big firms too Not surprised by move t",0
"and join forces to sort you out 
Alexa can now schedule meetings with your contacts",2
"and join forces to sort you out 
Alexa can now schedule meetings with your contacts",2
"and join forces to sort you out 
Alexa can now schedule meetings with your contacts",2
"My little one and I are absolutely loving our new UKI E laptop a really powerful spec that does things",2
"Over billion people will use digital assistants by edUAUBDedUBUAedUAUBEedUBUedUAUBDedUBUA

HT edUAUBDedUBUedUAUBCedUBFUBDedUAUBDedUBUedUAUBCedUBFUBDedUAUBDedUBUedUAUBCedUBFUBD

",0
"Over billion people will use digital assistants by edUAUBDedUBUAedUAUBEedUBUedUAUBDedUBUA

HT edUAUBDedUBUedUAUBCedUBFUBDedUAUBDedUBUedUAUBCedUBFUBDedUAUBDedUBUedUAUBCedUBFUBD

",0
"just bought an  to improve 
",2
"The Future of      ",0
"The Future of      ",0
"
Which of the following has Jennifer Taylor NOT voiced 
edUAUBCedUBUA      edUAUBCedUBUA 
edUAUBCedUBUA or edUAUBCedUBUA",0
"We wonder if their new acquisition will be the key to revolutionising s  httpstc",2
"We wonder if their new acquisition will be the key to revolutionising s  httpstc",2
"  
 firm to make amp",0
"From hailing a taxi with to creating on Azure highlights a new focus on the custome",2
" 
 firm to make amp",0
"csit announces new conversational center of excellence to work alongside other AI initiatives like Intel",2
"csit announces new conversational center of excellence to work alongside other AI initiatives like Intel",2
"csit announces new conversational center of excellence to work alongside other AI initiatives like Intel",2
"announces new conversational center of excellence to work alongside other AI initiatives like",2
"Nooo the dance moves were all sweet Anyone who was dunking was really complimenting becau",2
"If you get the error message Start menu and have stopped working look here",1
"If you get the error message Start menu and have stopped working look here",1
"From  Big jump for  China growing fast

  ",2
"No love for 

What about 
",2
"on with an updated roundup of smartness from corp

",0
"Is there something going on with Cortana and Tune In She cant seem to find my radio stations the way she did two",0
"they would spend all day gossiping about and her Boyfriend",0
"theyd talk catty about  Its what girls do",2
"they would spend all day gossiping about and her Boyfriend",0
"they would plot the down fall of",1
"Yo  and I hear youre adding male voices How does one get to audition to that gig",0
"Voice of Healthcare Summit Tuesday Aug  



",0
"Voice of Healthcare Summit Tuesday Aug  



",0
"The wars blaze on with acquiring edUAUBDedUBU

Microsoft Acquires Semantic Machines for Conv",1
"FYI s isnt the only of its kind 
 has a  phoneweilding too",2
"FYI s isnt the only of its kind 
 has a  phoneweilding too",2
"FYI s isnt the only of its kind 
 has a  phoneweilding",2
"Microsoft Acquires AI Company to Make Cortana and Bots Sound More Human 
 ",0
"Voice of Healthcare Summit Tuesday Aug  



",0
"Voice of Healthcare Summit Tuesday Aug  



",0
"Voice of Healthcare Summit Tuesday Aug  



",0
"Voice of Healthcare Summit Tuesday Aug  

",0
"Over billion people will use digital assistants by edUAUBDedUBUAedUAUBEedUBUedUAUBDedUBUA

HT edUAUBDedUBUedUAUBCedUBFUBDedUAUBDedUBUedUAUBCedUBFUBDedUAUBDedUBUedUAUBCedUBFUBD

",0
"technology such as  are power tools that allow the user to define what they",2
"s  can also make Calls Write Poetry and Host TV shows  Intelligence",2
"We wonder if their new acquisition will be the key to revolutionising s",2
"Meet cousin of and sister of It is getting more natural to talk to a bot amp it can",2
"Microsoft is acquiring AI startup Semantic Machines in an effort to make bots and intelligent assistants like Corta",2
" Dreaming about what else Voice could bring to your product with custom via Altrans",0
"Wow s amp s finally speak to one another The partnership will allow people to s",2
"ICYMI  Announces New Integration
  meets 
with",2
"That moment youre setting up new laptops in a quiet office amp Cortana starts screeching Hi there a little clicky",2
"Using chatbots and  to improve workflows starts with Net",2
"Clippy should be the Microsofts assistant not Cortana ",0
"Anyone else have this problem today My Invoke cant seem to play my local public radio station on command Worke",1
"LATEST  Announces New Integration
  meets 
with",2
"When will be available on Apple App Store India",2
"Unable to type to search box in until you give permission Is it Cortana box or search box I a",2
"NEW  Announces New Integration
  meets 
with",2
"BRAND NEW Announces New Integration
  meets 
with",2
"BRAND NEW Announces New Integration
  meets 
with",2
"Watch out Google Duplex Microsoft just demoed its own AI having a fullon phone call ",0
"Does on your PC appeal to you Or is it just as annoying as already is",1
"BRAND NEW Announces New Integration
  meets 
with",2
"BRAND NEW Announces New Integration
  meets 
with",2
"If you get the error message Start menu and have stopped working look here",1
"Microsoft buys company to improve Cortanas conversational skills 

via",2
"Microsoft acquires AI startup Semantic Machines to help boost Cortana ",2
"If you get the error message Start menu and have stopped working look here",1
"Acer Ships with Alexa s  ",0
"Voice of Healthcare Summit Tuesday August  Harvard Medical School



",0
" is an AI that you can give voice commands to Get driving directions calenda",0
"Stay tuned for some interesting stuff on designing voice and chat bots ",2
"could soon be more human  
",0
"Over billion people will use digital assistants by edUAUBDedUBUAedUAUBEedUBUedUAUBDedUBUA

HT edUAUBDedUBUedUAUBCedUBFUBDedUAUBDedUBUedUAUBCedUBFUBDedUAUBDedUBUedUAUBCedUBFUBD

",0
"Stay tuned for some interesting stuff on designing voice and chat bots ",2
"Microsoft acquires AI company to make Cortana and bots sound more human  ",0
"buys  to make sound less like a via",2
"buys  to make sound less like a via",2
"Conversational is finally becoming a reality  via",2
"acquires company to make and sound more human via",0
"Conversational is finally becoming a reality  via",2
"Dont miss my next talk about with the  Its all about the news in the im",2
"Conversational is finally becoming a reality  via",2
"Dont miss my next talk about with the  Its all about the news in the im",2
"Dont miss Robin Sedlaczeks next talk about with the  Its all about the news in th",2
"Conversational is finally becoming a reality  via",2
"Dont miss my next talk about with the  Its all about the news in the",2
"Conversational is finally becoming a reality  via",2
"Today spend more time in data aggregation rather than healing The need of the times is to mov",2
"Over billion people will use digital assistants by edUAUBDedUBUAedUAUBEedUBUedUAUBDedUBUA

HT edUAUBDedUBUedUAUBCedUBFUBDedUAUBDedUBUedUAUBCedUBFUBDedUAUBDedUBUedUAUBCedUBFUBD

",0
"",0
"Are  and good for your business",2
"acquires company to make and sound more human via",0
"Aura doesnt have all the capabilities of Microsoft Facebook Messenger or but instead integr",2
"Deals that work Microsoft buys Semantic Machines the race is on toward AI assistants that have natural language c",2
"spells out its plans for Semantic Machines and  via",0
"acquires to make sound more human",0
"Combining Semantic Machines technology with Microsofts own AI advances we aim to deliver powerful natural an",2
"The latest from states of its voice assistant which might be now available with more human t",2
"Well this could certainly be good news if you rely on  to get you through the day",2
"acquires company to make and bots sound more human via",0
"acquires Semantic Machines advancing the state of conversational",2
"Microsoft just bought an AI startup to improve",2
"Microsoft acquires AI company to make Cortana and bots sound more human ",0
"acquires  Semantic Machines to help boost",2
"a rival Amazons will be preloaded on Acers new laptops via",2
"Just Bought a Hot  That Could Help Its Talk Like Humans One Day",2
"Hey  is Buying a Conversational",2
"
Microsoft buys AI startup to make Cortana sound less like a robot

",2
"The wars blaze on with acquiring edUAUBDedUBU

Microsoft Acquires Semantic Machines",1
"acquires  to make and sound more human",0
"Conversational from will be used to augment ",2
"NEW BLOG What Could a Digital Office Assistant Do for Your Business Read here",2
"I was listening to some news on SiriusXM and the reporter pronounced terribly wrong I laughed",1
"Microsoft acquires AI company to make Cortana and bots sound more human  ",0
"Microsoft acquires AI company to make Cortana and bots sound more human ",0
"makes a big purchase to bolster the behind some of its top properties such as",2
"Bought an  to Help Sound Less Robotic",1
"Sad tried to ask what I should do with a drunken sailor But she didnt get the question would be funn",1
"Microsofts meeting room of the future  ",0
"Bots bots bots Staying humanor at least conveying humanin the bot era ",0
"Bots bots bots Staying humanor at least conveying humanin the bot era",0
"buys company to improve s conversational skills
",2
"buys company to improve s conversational skills
",2
"acquires company to make and sound more",0
"acquires company to make and bots sound more human",0
"Amazons will be preloaded on Acers new laptops The Verge another blow to as",2
"It appears that is moving toward true conversational skills with similar to by acquiring",2
"It appears that is moving toward true conversational skills with similar to by acquirin",2
"Now you can buy a with preinstalled  SmartAssistant http",0
"makes a big purchase to bolster the behind some of its top properties such as",2
"Voice of Healthcare Summit Tuesday August  Harvard Medical School



",0
"LLC Microsoft just bought an AI startup to improve Cortana

 ",2
"Microsoft just bought an AI startup to improve Cortana",2
"Now you can buy a with preinstalled",0
"trends Will this Make Smarter  Acquires Recognition AI Startup  Lead by strong team",2
"edUAUBCedUBEUAFedUAUBCedUBEUAFedUAUBCedUBEUAF


 can now score darts matches and can be quite chatty about it

When the working day is d",0
"and now have mens voices too I guess it was sexist to have only a womans voice hear you",1
"just bought an  to improve conversational skills",2
"Will this Make Smarter  Acquires Recognition AI Startup  Lead by s",2
"When setting up a PC with Windows does have to be at full volume Just scared the crap out of myself while multitasking",1
"Bought an Startup to Help Sound Less Robotic",1
"Microsoft buys company to improve Cortanas conversational skills",2
"Conversational from will be used to augment ",2
"is acquiring conversational startup in an effort to make and",2
"just bought an  to improve conversational skills 
",2
"Microsoft sharpens with Semantic buy ",0
"Theres no where to go but up 
Microsoft just bought an AI startup to improve Cortanas conversational ski",2
"Microsoft buys company to improve Cortanas conversational skills",2
"Microsoft buys company to improve Cortanas conversational skills",2
"Microsoft buys company to improve Cortanas conversational skills",2
"Microsoft buys company to improve Cortanas conversational skills",2
"Microsoft buys company to improve Cortanas conversational skills",2
"Microsoft buys company to improve Cortanas conversational skills",2
"Microsoft buys company to improve Cortanas conversational skills",2
"Microsoft buys company to improve Cortanas conversational skills",2
"Step in howto article to enable disk encryption Tell to launch the ISE Really",2
"Companies continue to double down on their voice assistant services acquired company to help",2
"Amazons will be preloaded on Acers new laptops The Verge",2
"Thedifferent types of the  The Super bot ",2
"BREAKING from  buys company to improve s skills",2
"acquires company to make and bots sound more human via",0
"is acquiring   in an effort to make and",2
"Microsoft acquires company to make and sound more",0
"buys AI startup to make sound less like a robot",2
"acquires company to make and bots sound more human",0
"edUAUBCedUBEUAFedUAUBCedUBEUAFedUAUBCedUBEUAF


 can now score darts matches and can be quite chatty about it

When the working day",0
"Microsoft acquires Semantic Machines to bolster Cortanas conversational skills
",2
"Microsoft acquires Semantic Machines to bolster Cortanas conversational skills
",2
"Microsoft acquires Semantic Machines to bolster Cortanas conversational skills
",2
"Microsoft acquires Semantic Machines to bolster Cortanas conversational skills
",2
"Microsoft acquires Semantic Machines to bolster Cortanas conversational skills
",2
"Microsoft acquires Semantic Machines to bolster Cortanas conversational skills
",2
"Microsoft just bought an AI startup to improve conversational skills",2
"ICYMI  talking to  to Build Conference May ",2
"Microsoft buys company to improve s conversational skills via",2
"acquires company to make and sound more human

",0
"Microsoft acquires company to make and bots sound more human",0
"Microsoft buys a startup that wants AI to make conversation with humans",0
"buys AI startup to make sound less like a robot",2
"io seeks to bolster its conversational AI offerings with acquisition of Semantic Machines",2
"BREAKING from  buys company to improve s skills",2
"BREAKING from  buys company to improve s skills",2
"BREAKING from  buys company to improve s skills",2
"You can disable via registry or GPO now I have to see how to disable another technology from",1
"So buys go improve 

Im curious how this will go",2
"just bought an  to improve conversational skills",2
"buys AI company to improve s conversational skills has acquired a natural language",2
"The key to tackling a new marketing channel is understanding why they exist and how they work",2
"How is planning to get more chatty",0
"How is planning to get more chatty",0
"buys startup to boost s conversational skills

",2
"",0
"acquires conversational company Semantic Machines ",2
"Learn how to quickly start developing solutions utilizing the Intelligence Suites multifaceted features w",2
"on with coverage of acquisition of 

",0
"acquires company to make and bots sound more human via",0
"Daily",0
"seeks to bolster its conversational AI offerings with acquisition of Semantic Machines",2
"Happy Monday Citizen Nerds 
 The Correlbow",2
"icrosoft acquires developer to make spoken AI more humanlik   ",1
"buys AI startup to make sound less like a robot",2
"With Google Duplex raising the stakes is clearly committing itself to ensuring its AI assistants are as cuttin",2
"buys AI company to improve s conversational skills",2
"With Google Duplex raising the stakes is clearly committing itself to ensuring its AI assistants are as",2
"buys AI company to improve s conversational skills",2
"buys AI company to improve s conversational skills has acquired a natural language",2
"buys AI startup to make sound less like a robot",2
"s Future  To Sound More Human Thanks To Acquisition via",2
"Microsoft is acquiring conversational startup Machines in an effort to make bots and intelligent ass",2
"AndroidAuth buys AI startup to make sound less like a robot",2
"buys AI startup to make sound less like a robot",2
"buys AI startup to make sound less like a robot",2
"buys AI startup to make sound less like a robot",2
"buys AI startup to make sound less like a robot",2
"Microsoft acquires Semantic Machines advancing the state of",0
"buys AI startup to make sound less like a robot",2
"buys AI startup to make sound less like a robot",2
"buys AI startup to make sound less like a robot",2
"buys AI startup to make sound less like a robot",2
"buys AI startup to make sound less like a robot",2
"buys AI startup to make sound less like a robot",2
"buys AI startup to make sound less like a robot",2
"buys AI startup to make sound less like a robot",2
"buys AI startup to make sound less like a robot",2
"Microsoft acquires AI company to make Cortana and bots sound more human



 ",0
"Microsoft acquires AI company to make Cortana and bots sound more human



 ",0
"Microsoft acquires AI company to make Cortana and bots sound more human

",0
"Microsoft just bought an AI startup to improve Cortanas conversational skills 
 ",2
"Microsoft acquires Semantic Machines to make AI more humanlike
",0
"Microsoft acquires AI company to make Cortana and bots sound more human 
 ",0
"Microsoft acquires conversational AI startup Semantic Machines  ",2
"buys startup to boost s conversational skills",2
"After the freaky humanbot Google Duplex Microsoft also acquires AI company to make Cortana sound more human
",0
"After the freaky humanbot Google Duplex Microsoft also acquires AI company to make Cortana sound more human",0
"Microsoft acquires company to make and bots sound more human

via",0
"Microsoft is acquiring conversational AI startup Semantic Machines in an effort to make bots and intelligent assist",2
"No  on until we get on s in",0
"buys conversational firm Semantic Machines gt Big focus now on conversation learning as next ph",2
"buys conversational firm Semantic Machines gt Big focus now on conversation learning as",2
"Microsoft bought Semantic Machines for the sake of conversational AI",2
"Microsoft just bought an startup to improve s conversational skills",2
"From hailing a taxi with to creating on Azure highlights a new focus on the custome",2
"acquires some serious talent by buying 

  

Mic",2
"just bought an  to improve conversational skills",2
"just bought an  to improve conversational skills",2
"Over billion people will use digital assistants by edUAUBDedUBUAedUAUBEedUBUedUAUBDedUBUA

HT edUAUBDedUBUedUAUBCedUBFUBDedUAUBDedUBUedUAUBCedUBFUBDedUAUBDedUBUedUAUBCedUBFUBD

",0
"Learn all you need to start creating your own virtual assistant skill here on Tuesday c",2
"Learn all you need to start creating your own virtual assistant skill here",2
"Voice of Healthcare Summit Tuesday August  Harvard Medical School



",0
"Voice of Healthcare Summit Tuesday August  Harvard Medical School



",0
"Voice of Healthcare Summit Tuesday August  Harvard Medical School



",0
"Voice of Healthcare Summit Tuesday August  Harvard Medical School



",0
"Voice of Healthcare Summit Tuesday August  Harvard Medical School



",0
"combine with new integration you will get better data for ML analyse Model",2
"Voice of Healthcare Summit Tuesday August  Harvard Medical School

",0
"Most owners dont use their devices to online and more than half say its because of a lack of",1
"Moved from Lumia to Xiaomi Mido
Farewell Mobile it has been a good and long ride",2
"Awaken Taken by me follow me on instafram for more   ",2
"competitor is getting integration and message translation",0
" dc wpli ",0
"products Do your products support integration",2
"The meeting room of the modern day or may be the future For some it may be tomorrow but for us this is today",2
"A damn good reason to use",2
"Over billion people will use digital assistants by edUAUBDedUBUAedUAUBEedUBUedUAUBDedUBUA

HT edUAUBDedUBUedUAUBCedUBFUBDedUAUBDedUBUedUAUBCedUBFUBDedUAUBDedUBUedUAUBCedUBFUBD

",0
"If you get the error message Start menu and have stopped working look here",1
"heroes Chief will never give up on Cortana Never make a girl a promise you cant keep  ",2
"Asked on my PC why did my pc reboot last night got brought to a Bing page about fixing reboot probl",0
"Did anyone notice that Hey Cortana now brings up a fullscreen experience instead of the little popup near the St",0
"Daily Shes smarter than living in denial",1
"Chief will never give up on Cortana Never make a girl a promise you cant keep ",2
"Great demo on how Intelligent Collaboration will look like soon with  and Microsoft Teams",2
"The meeting room of the modern day or may be the future For some it may be tomorrow but for us this is toda",2
"The moment by 
I guess the testrun of s is only the beginning and I am sure",0
"fankat So

You didnt surrender that AI

 ",1
"its only the beginning of Audio Hacking  Read more about it here
",0
"Its like these two toys were made to go together  ",2
"Using chatbots and  to improve workflows starts with Net",2
"This is one of the most brilliant things Ive seen in the recent times  
",2
"fankat So

You didnt surrender that AI

 ",1
"If you get the error message Start menu and have stopped working look here",1
"Microsoft and Amazon partner to integrate Alexa and Cortana digital assistants",2
"fankat So

You didnt surrender that AI

 ",1
"what does think",0
"edUAUBDedUBUHaloedUAUBDedUBU photo by Eric Anderson Gallery Edit and makeup by me  ",0
"Whats your favedUAUBDedUBU
Comment below edUAUBDedUBU

Cortana
",0
"Lets talk about Cortana piggybacking on Alexa and Google Assistants crazy Duplex technology that makes Assistant oh so hu",1
"in  What have they done It seems interests have been removed so there are now no reas",2
"How  amp the whole RD dept missed",1
"Still dont have smart home skills",2
"How To Replace With Or On 

",0
"I just love how Microsoft announces products places them as priorities lets them wither on the vine while still p",1
"edUAUBDedUBUHaloedUAUBDedUBU photo by Eric Anderson Gallery Edit and makeup by me  ",0
"fankat So

You didnt surrender that AI

 ",1
"fankat So

You didnt surrender that AI

 ",1
"fankat So

You didnt surrender that AI

 ",1
"Very exciting new usages   working with the new  build I",2
"fankat So

You didnt surrender that AI

 ",1
"fankat So

You didnt surrender that AI

 ",1
"edUAUBDedUBUHaloedUAUBDedUBU photo by Eric Anderson Gallery Edit and makeup by me  ",0
"Heres how  will work with  
",2
"fankat So

You didnt surrender that AI

 ",1
"fankat So

You didnt surrender that AI

 ",1
"edUAUBDedUBUHaloedUAUBDedUBU photo by Eric Anderson Gallery Edit and makeup by me  ",0
"fankat So

You didnt surrender that AI

 ",1
"fankat So

You didnt surrender that AI

 ",1
"fankat So

You didnt surrender that AI

 ",1
"edUAUBDedUBUHaloedUAUBDedUBU photo by Eric Anderson Gallery Edit and makeup by me  ",0
"fankat So

You didnt surrender that AI

 ",1
"fankat So

You didnt surrender that AI

 ",1
"fankat So

You didnt surrender that AI

 ",1
"edUAUBDedUBUHaloedUAUBDedUBU photo by Eric Anderson Gallery Edit and makeup by me  ",0
"fankat So

You didnt surrender that AI

 ",1
"Living in the future sucks After yelling Hey Cortana to my desktop PC I realised it doesnt have a microphone",1
"fankat So

You didnt surrender that AI

 ",1
"Nobody is going to ask to talk to",2
"If you get the error message Start menu and have stopped working look here",1
"Uncover how to operationalize your science pipeline for iterative learning with us during the Intellige",2
"fankat So

You didnt surrender that AI

 ",1
"edUAUBDedUBUHaloedUAUBDedUBU photo by Eric Anderson Gallery Edit and makeup by me  ",0
"fankat So

You didnt surrender that AI

 ",1
"Living in the future sucks After yelling Hey Cortana to my desktop PC I realised it doesnt have a microphone",1
"fankat So

You didnt surrender that AI

 ",1
"fankat So

You didnt surrender that AI

 ",1
"fankat So

You didnt surrender that AI

 ",1
"fankat So

You didnt surrender that AI

 ",1
"fankat So

You didnt surrender that AI

 ",1
"fankat So

You didnt surrender that AI

 ",1
"fankat So

You didnt surrender that AI

 ",1
"fankat So

You didnt surrender that AI

 ",1
"edUAUBDedUBUHaloedUAUBDedUBU photo by Eric Anderson Gallery Edit and makeup by me  ",0
"edUAUBDedUBUHaloedUAUBDedUBU photo by Eric Anderson Gallery Edit and makeup by me  ",0
"edUAUBDedUBUHaloedUAUBDedUBU photo by Eric Anderson Gallery Edit and makeup by me  ",0
"fankat So

You didnt surrender that AI

 ",1
"fankat So

You didnt surrender that AI

 ",1
"Why are all virtual assistants or attendants as the case may be female Great to see how she makes those around",2
"  Im predicting a class action suite claiming gender discrimination in the virtua",1
" Dreaming about what else Voice could bring to your product with custom via Altrans",0
"I love seeing this kind of cooperation between digital assistants",2
"Lets talk about Cortana piggybacking on Alexa and Google Assistants crazy Duplex technology that makes Assistant",1
"Using chatbots and  to improve workflows starts with Net",2
"of the 
",0
"edUAUBDedUBUHaloedUAUBDedUBU photo by Eric Anderson Gallery Edit and makeup by me  ",0
"Uncover how to operationalize your science pipeline for iterative learning with us during the Intell",2
"So sorry I didnt have a video up yesterday Everybody Went to the store and it was an all day thing Lol

I may",1
"fankat So

You didnt surrender that AI

 ",1
"Its Friday lets have some fun We will overcome these challenges soon though",2
"Daily Do you like",2
" Dreaming about what else Voice could bring to your product with custom via Altrans",0
"edUAUBDedUBUHaloedUAUBDedUBU photo by Eric Anderson Gallery Edit and makeup by me  ",0
"edUAUBDedUBUHaloedUAUBDedUBU photo by Eric Anderson Gallery Edit and makeup by me  ",0
"Setting up microphone function for your edUAUBDedUBUBD PC is faster than choosing a character for",2
"I set a reminder and it alerted on my Android phone Windows laptop and my Xbox all at once Ok I get it edUAUBDedUBU",0
"Hey cough",1
"Over billion people will use digital assistants by edUAUBDedUBUAedUAUBEedUBUedUAUBDedUBUA

HT edUAUBDedUBUedUAUBCedUBFUBDedUAUBDedUBUedUAUBCedUBFUBDedUAUBDedUBUedUAUBCedUBFUBD

",0
" Dreaming about what else Voice could bring to your product with custom via Altrans",0
" Dreaming about what else Voice could bring to your product with custom",0
"edUAUBDedUBUHaloedUAUBDedUBU photo by Eric Anderson Gallery Edit and makeup by me  ",0
"fankat So

You didnt surrender that AI

 ",1
"Just seen the video how you are bringing in future Apologies for the above comments",0
"Nobody talks about as a Assistant Do people have experiences",0
"fankat So

You didnt surrender that AI

 ",1
"fankat So

You didnt surrender that AI

 ",1
"So

You didnt surrender that AI

 ",1
"So lets see if Ginas prosumer mentality pervades her job as  encroach on civil right to priv",2
"Does anyone know how to make use your music Weird that a Microsoft device doesnt work with Mic",2
"edUAUBDedUBUHaloedUAUBDedUBU photo by Eric Anderson Gallery Edit and makeup by me  ",0
"Over billion people will use digital assistants by edUAUBDedUBUAedUAUBEedUBUedUAUBDedUBUA

HT edUAUBDedUBUedUAUBCedUBFUBDedUAUBDedUBUedUAUBCedUBFUBDedUAUBDedUBUedUAUBCedUBFUBD

",0
"Cortana is here to do your bidding How can she serve you  ",0
"That moment when reads your emails Too bad this didnt pop up on my Mac because I did forget to do this",1
"Over billion people will use digital assistants by edUAUBDedUBUAedUAUBEedUBUedUAUBDedUBUA

HT edUAUBDedUBUedUAUBCedUBFUBDedUAUBDedUBUedUAUBCedUBFUBDedUAUBDedUBUedUAUBCedUBFUBD

",0
"shows and working together in Build demo",2
"is smarter than  and Some studies shows this
 is better",2
"Why Google Assistant will beat  and Were supportive of which ever one most resembles Rosi",2
"is smoking some good stuff between her and my home is alive with random outbursts and acts from the",2
"Innovation is in our DNA no other company can do this People who know ",2
"Innovation is in our DNA no other company can do this People who know",2
"If you get the error message Start menu and have stopped working look here",1
"When did adopt a positive attitude towards  would never approve of any product built by",2
"Over billion people will use digital assistants by edUAUBDedUBUAedUAUBEedUBUedUAUBDedUBUA

HT edUAUBDedUBUedUAUBCedUBFUBDedUAUBDedUBUedUAUBCedUBFUBDedUAUBDedUBUedUAUBCedUBFUBD

",0
"Over billion people will use digital assistants by edUAUBDedUBUAedUAUBEedUBUedUAUBDedUBUA

HT edUAUBDedUBUedUAUBCedUBFUBDedUAUBDedUBUedUAUBCedUBFUBDedUAUBDedUBUedUAUBCedUBFUBD

",0
"The time has come to begin assessing the differences between voiceenabled intelligent assistant",2
"Over billion people will use digital assistants by edUAUBDedUBUAedUAUBEedUBUedUAUBDedUBUA

HT edUAUBDedUBUedUAUBCedUBFUBDedUAUBDedUBUedUAUBCedUBFUBDedUAUBDedUBUedUAUBCedUBFUBD

",0
"Not really invested into s ecosystem but I have to say is really convenient for turning off y",2
"Over billion people will use digital assistants by edUAUBDedUBUAedUAUBEedUBUedUAUBDedUBUA

HT edUAUBDedUBUedUAUBCedUBFUBDedUAUBDedUBUedUAUBCedUBFUBDedUAUBDedUBUedUAUBCedUBFUBD

",0
"Over billion people will use digital assistants by edUAUBDedUBUAedUAUBEedUBUedUAUBDedUBUA

HT edUAUBDedUBUedUAUBCedUBFUBDedUAUBDedUBUedUAUBCedUBFUBDedUAUBDedUBUedUAUBCedUBFUBD

",0
"Over billion people will use digital assistants by edUAUBDedUBUAedUAUBEedUBUedUAUBDedUBUA

HT edUAUBDedUBUedUAUBCedUBFUBDedUAUBDedUBUedUAUBCedUBFUBDedUAUBDedUBUedUAUBCedUBFUBD

",0
"Over billion people will use digital assistants by edUAUBDedUBUAedUAUBEedUBUedUAUBDedUBUA

HT edUAUBDedUBUedUAUBCedUBFUBDedUAUBDedUBUedUAUBCedUBFUBDedUAUBDedUBUedUAUBCedUBFUBD

",0
"Finding their  enter the enterpise gtgt gtgt  ",0
"Hey look the asshats at invented yet another way to be bigger asshats with a bot in y",2
"Love  App feature with and  Type in app for example and Co",2
"Using for of documents",0
"Over billion people will use digital assistants by edUAUBDedUBUAedUAUBEedUBUedUAUBDedUBUA

HT edUAUBDedUBUedUAUBCedUBFUBDedUAUBDedUBUedUAUBCedUBFUBDedUAUBDedUBUedUAUBCedUBFUBD

",0
"Over billion people will use digital assistants by edUAUBDedUBUAedUAUBEedUBUedUAUBDedUBUA

HT edUAUBDedUBUedUAUBCedUBFUBDedUAUBDedUBUedUAUBCedUBFUBDedUAUBDedUBUedUAUBCedUBFUBD

",0
"Cortana amp Alexa new friends
 ",2
"When did adopt a positive attitude towards  would never approve of any product built by",2
"It looks like the last update of Windows in April has issues with Chrome freezing and the Hey Cortana fe",1
"If you get the error message Start menu and have stopped working look here",1
"From hailing a taxi with to creating on Azure highlights a new focus on the custome",2
"Get out of my face Ive had enough of Google sending me instructive adverts about my dreams I dont need",2
"Coming very soon you will be able to speak to Alexa through Cortana and speak to Alexa through your Windows dev",0
"In the series of unexpected affairs UUFEF 

",1
"From hailing a taxi with to creating on Azure highlights a new focus on the custome",2
"With all the news of voice assistants this week should we ask Should we humanise voice technology",2
"Thought the scandal was bad everyones bored of it now and moved on mind 

 was the year we sta",1
"",0
"Take a glimpse of whats possible in the Heres how Microsoft is bringing coworkers and content t",2
"Which  Will Beat Probably Not via",0
"Voice assistants have caught on quick Cortana Alexa and Google Assistant grew in and projected to be i",0
"Finding their  enter the enterpise gtgt gtgt  ",0
"Finding their  enter the enterpise gtgt gtgt  ",0
"Finding their  enter the enterpise gtgt gtgt  ",0
"arent just for requesting songs and definitions anymore As enterprises look for ways to bring",0
"can you please consider updating your Xbox controller with a mic please it would make using and alot easier",2
"NOVA l PBS IS THE BEST

 PBS   ",2
"NOVA l PBS IS THE BEST

 PBS  ",2
"gt consumers never used to make a purchase AAPL GOOG AMZN  MSFT httpstco",2
"Will soon become your home physician AMZN  MSFT GOOG AAPL",1
"How to make  your phones",0
"Finding their  enter the enterpise gtgt gtgt  ",0
"Take a glimpse of whats possible in the Heres how Microsoft is bringing coworkers and content together",2
"Microsoft is looking to forge its own path with rather than attempting to play catch up",0
"Take a glimpse of whats possible in the Heres how Microsoft is bringing coworkers and content t",2
"Nice to see more collaboration 

 and 

",2
"Finding their  enter the enterpise gtgt gtgt  ",0
"Battle to the death Three Virtual Assistants enter only one will survive ",1
"Researchers just proved why its so scary that digital assistants are always listening",1
"Adding artificial intelligence bots to Cortana for Office 

 ",2
"Finding their  enter the enterpise gtgt gtgt  ",0
"My computer is pausing within audio play because WRONGLY thinks me adressing smth thats a huge FUP",1
"Finding their  enter the enterpise gtgt gtgt  ",0
"From hailing a taxi with to creating on Azure highlights a new focus on the custome",2
"champ Lock unlock order Courts have ruled that subliminal messages may constitute an invasion of privacy but the law has not ext",2
"Because we all deserve a personal assistant",2
"Because we all deserve a personal assistant",2
"Because we all deserve a personal assistant",2
"Because we all deserve a personal assistant",2
"Because we all deserve a personal assistant",2
"Because we all deserve a personal assistant",2
"Because we all deserve a personal assistant",2
"Finding their  enter the enterpise gtgt gtgt  ",0
"champ Lock unlock order Courts have ruled that subliminal messages may constitute an invasion of privacy but the law has not ext",2
"champ Lock unlock order Courts have ruled that subliminal messages may constitute an invasion of privacy but the law has not ext",2
"Lock unlock order Courts have ruled that subliminal messages may constitute an invasion of privacy but the law",1
"Finding their  enter the enterpise gtgt gtgt  ",0
"accounts for of all   With voice like",2
"Microsoft is looking to forge its own path with rather than attempting to play catch up",0
"Finding their  enter the enterpise gtgt gtgt  ",0
"My computer is pausing within audio play because WRONGLY thinks me adressing smth thats a huge FUP",1
"QUANTIQTech Microsoft is looking to forge its own path with rather than attempting to play catch up",0
"Google assistant on Siri and Alexa edUAUBDedUBUedUAUBDedUBU It says Siri is sweet edUAUBDedUBU
  
",2
"Microsoft is looking to forge its own path with rather than attempting to play catch up",0
"At Googles annual IO developers conference on Tuesday the company outlined a new enhancement known as",2
"Finding their  enter the enterpise gtgt gtgt  ",0
"Finding their  enter the enterpise gtgt gtgt  ",0
"From hailing a taxi with to creating on Azure highlights a new focus on the custome",2
"you forgot to ask  Yknow the AI assistant on every Window PC She replied with a simple No",0
"Finding their  enter the enterpise gtgt gtgt  ",0
"My computer is pausing within audio play because WRONGLY thinks me adressing smth thats a huge FUP",1
"My computer is pausing within audio play because WRONGLY thinks me adressing smth thats a huge FUP",1
"My computer is pausing within audio play because WRONGLY thinks me adressing smth thats a huge FUP",1
"After a bit of discussion with we determined that it was FUCKING INSANE that there was no  So we",1
"Using builtin tools for like  and Nori learns to speak Japanese",2
"May the th it is Find the Easter egg you can thBeWithYou",0
"Read about the rise of in and society",0
"Finding their  enter the enterpise gtgt gtgt  ",0
"com Google beats Microsoft in AI demo war with Duplex
 ",1
"Microsoft looks to  ambient intelligence for smarter meetings",2
"After a bit of discussion with we determined that it was FUCKING INSANE that there was no  So we",1
"Some cool stuff powered by and",2
"Alexa Microsoft and partner to integrate and digital assistants 
 
LINK https",2
"and Microsoft integrate in apps for faster workflows",2
"This short video summary from CNET of includes a demo of s collaboration w",0
"com Google beats Microsoft in AI demo war with Duplex
 ",1
"Google beats Microsoft in AI demo war with Duplex",1
"Finding their  enter the enterpise gtgt gtgt  ",0
" Suite is the fully managed and advanced suite

UBUFEF",2
"Best team up ever  ",2
"",0
"Finding their  enter the enterpise gtgt gtgt  ",0
"Finding their  enter the enterpise gtgt gtgt  ",0
"Did you know is a combination of    and",0
"Finding their  enter the enterpise gtgt gtgt  ",0
"The options for bots in  ",0
"Did you know is a combination of    and",0
"After a bit of discussion with we determined that it was FUCKING INSANE that there was no  So we",1
"Finding their  enter the enterpise gtgt gtgt  ",0
"Google beats Microsoft in AI demo war with Duplex
 ",1
"Microsoft is an enterprise software company And nowhere is that more important than with AI

",2
"Google beats Microsoft in AI demo war with Duplex",1
"Then tie my PCs Laptops and HP Elite X all working with over all those devices",2
"After a bit of discussion with we determined that it was FUCKING INSANE that there was no",1
"Microsoft integrates Alexa to Windows Now you can switch between Cortana and Alexa
 ",0
"surprising ways could be part of our lives by  ",0
"Just had my first perfect interaction with  when it works properly its a thing of beauty edUAUBDedUBUA",2
"Did you know you can use while in Windows  can help you get around faster with your voice edUAUBDedUBU",2
"HIGH Im DANK You for the You know I am Chasing my Dreams",1
"Did you know you can use while in Windows  can help you get around faster with your voice edUAUBDedUBU",2
"Did you know you can use while in Windows  can help you get around faster with your",2
"Could you help me with a skill
I do not and never will use Tunein Please tell me how to remove or dis",2
"Finding their  enter the enterpise gtgt gtgt  ",0
"Finding their  enter the enterpise gtgt gtgt  ",0
"OH GOD MAKE IT STOP",1
"Using builtin tools for like  and Nori learns to speak Japanese",2
"Finding their  enter the enterpise gtgt gtgt  ",0
"On this weeks   and  have finally become friends",2
"and  have finally become friends",2
"Regarding your article",0
"OH GOD MAKE IT STOP",1
"Finding their  enter the enterpise gtgt gtgt  ",0
"Siri Alexa Cortana and the command of womens  via staub 

",0
"Siri Alexa Cortana and the command of womens",0
"I cant speak to all the features or speaker have BUT I can tell you this  ena",0
"On bundling into its allinone PC even tho Cortana is built into Windows adding cost to a PC by buil",0
"helps to forge ahead of  
",2
"helps to forge ahead of  
",2
"Have you considered how helpful can be She reminds me with conversations I had with a colleague in the mo",2
"Finding their  enter the enterpise gtgt gtgt  ",0
"With Conversational tools developers can build connect deploy and manage intelligent that",2
"Finding their  enter the enterpise gtgt gtgt  ",0
"Finding their  enter the enterpise gtgt gtgt  ",0
"Finding their  enter the enterpise gtgt gtgt  ",0
"Finding their  enter the enterpise gtgt gtgt  ",0
"Finding their  enter the enterpise gtgt gtgt  ",0
"Yo if could help people find a job in that would be cool Although the platform is al",2
"Some Turing Test Humor Lolz   ",2
"Finding their  enter the enterpise gtgt gtgt  ",0
"Finding their  enter the enterpise gtgt gtgt  ",0
"Finding their  enter the enterpise gtgt gtgt  ",0
"is better than any  must be integrated with Ruhh  is just like to be Ruuh",2
"Finding their  enter the enterpise gtgt gtgt  ",0
"Finding their  enter the enterpise gtgt gtgt  ",0
"Finding their  enter the enterpise gtgt gtgt  ",0
"Finding their  enter the enterpise gtgt gtgt  ",0
"Finding their  enter the enterpise gtgt gtgt  ",0
"Smart Speakers and Millions of Opportunities for Developers ",2
"Jumpstart your learning using  Win Stratis tshirts Invoke speaker Thank you",2
"If you get the error message Start menu and have stopped working look here",1
"overpowering   through 
",1
"overpowering   through 
",1
"Finding their  enter the enterpise gtgt gtgt  ",0
"Smart Speakers and Millions of Opportunities for Developers ",2
"Jumpstart your learning using  Win Stratis tshirts Invoke speaker Thank you",2
"Smart Speakers and Millions of Opportunities for Developers ",2
"Nobody is going to ask to talk to",2
"If you get the error message Start menu and have stopped working look here",1
"Im at in Cambridge MA today tomorrow and on Thursday If youre here too Ill be happy to chat",2
"Im at in Cambridge MA today tomorrow and on Thursday If youre here too Ill be happy to chat",2
"Im at in Cambridge MA today tomorrow and on Thursday If youre here too Ill be happy to chat",2
"Machine Learning AI session by 
 
",2
"Machine Learning AI session by 
 
",2
"business   what comes to mind when you hear these names",0
"Machine Learning AI session by 
 
",2
"Machine Learning AI session by 
 
",2
"Machine Learning AI session by 
 
",2
"Hey Cortana why would and misspell the product name of the voice activated speake",0
"Thank you Really looking forward to continuing the story  i",2
"DaysOfCode d DaysOfCode 

Artificial Intelligence
 Bots Created QnA with Knowledge base on Microso",2
"Thank you Really looking forward to continuing the story  i",2
"DaysOfCode d DaysOfCode 

Artificial Intelligence
 Bots Created QnA with Knowledge base on Microso",2
"DaysOfCode d DaysOfCode 

Artificial Intelligence
 Bots Created QnA with Knowledge base on Microso",2
"DaysOfCode d DaysOfCode 

Artificial Intelligence
 Bots Created QnA with Knowledge base on Microso",2
"DaysOfCode d DaysOfCode 

Artificial Intelligence
 Bots Created QnA with Knowledge base on",2
"How do you make a  angry Escalate     ",1
"is the next   halo",0
"business   what comes to mind when you hear these names",0
"If you get the error message Start menu and have stopped working look here",1
"My Sufacepro suggest I ask when the game is needles to say I need a new laptop mine got th",2
"This stylish Cortana

",2
" You just didnt update your bio and selectively edit the settings",0
"When Im not going to bed yet Daily",0
"Overview of Cortana Skills Kit
",0
"of course is best for me",2
"is coming

",0
"The latest Windows Phone News",0
"Thought Id have a play with tonight USELESS In fact I think its even dumber than Trump Recognition",1
"Negative Outcome Not Good    ",1
"The future of Cortana is all about helping you work better on Windows and beyond",2
"For me and fall into the same category Things that spam you while you are trying to do get things done",1
"Understanding Technical Debt in Software Testing
  ",2
"Find out how and machine learning technologies such as  and  will affect",2
"Is the chip being used by now a brand new AI in Infinite Id like to think its an old",2
"Find out how and machine learning technologies such as  and  will affect mar",2
"Find out how and machine learning technologies such as  and  will affect",2
"Xbox One To Support Alexa amp Google Assistant Soon ",2
"Understanding Technical Debt in Software Testing",2
"Windows Phone Features I Cant L   ",0
"Homemade  Device with Arduino",0
"If I could find out whoever made it so you CANT SHUT OFF I would",0
"its not free New W update should solve this problem of texting from the PC You can actually text from",2
"Cortana help me to configure my laptop computer ",0
"Why not edUAUBDedUBU ",0
"Setting up microphone function for your edUAUBDedUBUBD PC is faster than choosing a character for",2
"Had a new laptop running for all of minutes and already hate and  

If I want to install",2
"Something along these lines might be something for to add to being able to talk to other digital assistants",2
"When can we say is dead in the consumer space",1
"Daily",0
"While the press focuses on the dont look at  with one of the worst",1
"Look closely and tell me what you see   ",0
"I really really want to use but the proactive cards have been removed from  was kille",2
"demonstrates and integration",0
"If you get the error message Start menu and have stopped working look here",1
" By now you probably know all of their names for personal use But did you know",0
"For no particular reason I would like to hear     and perhaps",2
"Is there no place I can go no Windows product I can buy that is free from the scourge known as",0
" what comes to mind when you hear these names",0
"Threeandhalf hours later the new update has still to finalise Complete with the unwanted u",2
"FRIDAY Shaping up to be a pretty chill weekend relaxing with friends edUAUBDedUBUB

 ",2
"If you get the error message Start menu and have stopped working look here",1
"will you PLEASE allow us adults to control the level of language filtering on  Im an",2
"Microsofts and Amazons Are Now Working Together Adweek",2
"Hum What about the easy sharing of files between devices  that we own without having to c",2
"FRIDAY Shaping up to be a pretty chill weekend relaxing with friends edUAUBDedUBUB

",2
"s and  Are Now Working Together",2
"If you get the error message Start menu and have stopped working look here",1
"thanks for the amp like and retweet",2
" and  Are Now Working Together",2
"Poznanovic burnout syndrome",1
"Check out the comparison between vs vs vs  httpstco",0
"and  Are Now Working Together",2
"burnout syndrome",1
"There is nothing in this world I loathe more than yelling at me at blaring volume every time I reset a computer",1
"integration with",0
"Experientialdata questing for mememarket money yields payment of Experience Points  Qu",2
"Humans use bot systems to guide the reallife pursuit amp collection of highdemand scarcelyavailable experiential",2
"Memeeconomy use cases bot responsible for predicting how their host will experience each menuitem at a",2
"Correction not edUAUBDedUBU unveiled the smart speaker Still hope  is added wit",2
"Yeah this was not the best week for Microsoft support
I kinda think theres no such thing as Micro",2
"Will eventually show up on new smartypants speaker The obvious big are there Although",2
"edUAUBDedUBU POLL TIME

Whats the most promising industry for voice assistants

 ",2
" what comes to mind when you hear these names 

From business",0
"business   what comes to mind when you hear these names",0
"From Today we introduce for PC solutions from Original Design Manufacturers Mariel van Tatenhove o",2
"Master Chief Arbiter and Cortana playing splitscreen A mini LAN party This is NOT my art nor am I taking credit",2
" what comes to mind when you hear these names",0
"Master Chief Arbiter and Cortana playing splitscreen A mini LAN party This is NOT my art nor am I taking credit",2
"Master Chief Arbiter and Cortana playing splitscreen A mini LAN party This is NOT my art nor am I taking cred",2
"xt Hi who is s GF",0
"yep we canceled ours because of the house upgrade
I just wish could have a bit of discipl",2
"From Today we introduce for PC solutions from Original Design Manufacturers Mariel van T",2
"is the most popular personal assistant today in the enterprise ",2
"is the most popular personal assistant today in the enterprise ",2
"Microsoft acquires company to make and sound more ",0
"Microsoft acquires company to make and sound more ",0
"Seo Hyelin of as from video game series
 ",0
"I havent connected mine yet but it looks like Ill be doing that tonight 
",0
"Give Github some XP flair

For Memories

",2
"I feel these are the exact things has been lacking for quite some time There is very litt",1
" what comes to mind when you hear these names",0
"Advances in AI will be an iteration of the convergence of todays buzzwords big data cloud computing biometric v",2
"Which of the following has Jennifer Taylor NOT voiced 
edUAUBCedUBUA       edUAUBCedUBUA 
edUAUBCedUBUA or edUAUBCedUBUA",0
"Are children developing rude interpersonal skills by watching adults bluntly interact with  or",1
"I tried to use on a Windows Phone but was told that I need to be older before it will help me and I a",0
"Is This Fun In Its Raw Form 
Shall We Ask  amp 

More Info amp Booking",2
"Daily",0
"How voice assistants will make money  ",2
"Finally got a chance to crystalize my thoughts on Microsoft build conference Over sessions so lots to abs",2
"shoutouts to automatic updates and edUAUBDedUBUAedUAUBDedUBUAedUAUBDedUBUA",0
"Google Assistant and Amazon Echo are on their way to Microsofts Xbox One ",0
"Use of  Assistant and other devices grew in with over half of US households",0
"Intelligent voice assistants are everywhere Are you ready for ",2
"Alexa finally learns French trails other assistants to France",2
"If you get the error message Start menu and have stopped working look here",1
"Huh I just realized that it would be cool if could turn on my when I tell her to do that on my PC edUAUBDedUBUBBedUAUBDedUBUBUDedUAUBDedUBAUedUAUBCedUBEUAE",2
" and A new study shows that digital assistants are improving year on year",2
"We were so excited about and waited months before we had to upgrade our home in Phoenix Its",2
"I find it funny that u included a photo of the in your story
I touched base with the company man",2
"Adding  bots to for Office at",0
"Why Alexa Is Coming to Your Laptop   ",0
"Another cruel joke is playing on dutch users edUAUBDedUBU and NO of course this sharing action doesnt wo",1
"Smart Speakers and Millions of Opportunities for Developers ",2
"Smart Speakers and Millions of Opportunities for Developers ",2
"For those following  now a productivity tool not a personal assistant",2
" Yeah the first games were brilliant especially went off the boil when bungie stopped making them stil",2
"quick tips Get the most out of",0
"
Follow Us on Malcde CyberNet",0
"Yeah the first games were brilliant especially went off the boil when bungie stopped making them s",2
"Im a massive halo fan and the halo anniversary cut scenes were amazing especially this one were the chief wants to give",2
"Why dont I trust Ms Me and Ms Siri be trading secrets like we kids in grade school I dont know where",2
"Will soon become your home physician AMZN  MSFT GOOG AAPL",1
"Smart Speakers and Millions of Opportunities for Developers ",2
"Smart Speakers and Millions of Opportunities for Developers ",2
"Smart Speakers and Millions of Opportunities for Developers ",2
"Need to connect your Gemini PDA to Microsofts Azure or Office services Learn how with our quick guide",2
"Smart Speakers and Millions of Opportunities for Developers ",2
"Smart Speakers and Millions of Opportunities for Developers ",2
"podcast covering  in  and",0
"Im a massive halo fan and the halo anniversary cut scenes were amazing especially this one were the chief wants to give",2
"If you get the error message Start menu and have stopped working look here",1
"Im a massive halo fan and the halo anniversary cut scenes were amazing especially this one were the chief wants to give",2
"Im a massive halo fan and the halo anniversary cut scenes were amazing especially this one were the chief wants to give",2
"Im a massive halo fan and the halo anniversary cut scenes were amazing especially this one were the chief wants to give",2
"If you get the error message Start menu and have stopped working look here",1
"Im a massive halo fan and the halo anniversary cut scenes were amazing especially this one were the chief wants",2
"Working with  How is it Think Ill edit autosuggestbox style too  
",1
"Digital Watch and Google like a hawk keep an eye on and keep on the backburner Advice from our cofounder",2
"Sue an maker in case of stalking   ",1
"For those following  now a productivity tool not a personal assistant",2
"For those following  now a productivity tool not a personal assistant",2
"Xbox to Add Alexa and GoogleAssistant Options",0
"Just listened to your ep Really fascinating I thought of a question on my way into work",2
"ayy shoutouts to",0
"SEO firm Stone Temple says that Google continues to outpace Amazon Apple and Microsoft",1
"Epic  and  at",2
"Epic  and at",2
" It should work with edUAUBDedUBUD",2
"my boy out for the count ",2
"Which one you choose 

  
   APPL
",0
"Which one you choose 

  
   APPL
",0
"Which one you choose 

  
   APPL
",0
"Which one you choose 

  
   APPL
",0
"Which one you choose 

  
   APPL
",0
"I have had a  for the last years but recently switched to an  kicks",0
"The future of is all about helping you work better on Windows and beyond",2
"I have defied gods and demons I am your shield I am your sword I know you your past your future This is the",1
"Xbox One To Support Alexa amp Google Assistant Soon ",2
"I cant let it slide that the  speaker with still doesnt have either",0
"Its months into and Cortana on the Harman Kardon speaker still cant send a text only on",0
"  Master Chief vs Storm Trooper Who win",2
"Amazing Cortana Cosplay 
     ",2
"Anyone know when this is going to be available in Australia Or anything similar for Cortana",2
"It is pm just reminded me that it is am Time to turn on my phone",0
"especially as its rivals already have the ability to perform multistep routines ",2
"Extend your with predicative and cognitive insights during the Intelligence Suite webinar http",2
"Working with  How is it Think Ill edit autosuggestbox style too ",1
"The Xbox One will reportedly soon support Alexa and Google Assistant The Verge",2
"Extend your with predicative and cognitive insights during the Intelligence Suite webinar",2
"Nobody is going to ask to talk to",2
"Digital Watch and Google like a hawk keep an eye on and keep on the backburner Advice from our cofounder",2
"Microsofts digital assistant Cortana can make your life easier and more efficient",2
"Xbox One may soon welcome Alexa and Google Assistant",2
"Microsoft plays off on Xbox pricecut assistant integration",0
"Microsoft plays off on Xbox pricecut assistant integration",0
"Which one you choose 

  
   APPL",0
"The Xbox One will reportedly soon support Alexa and Google Assistant The Verge",2
"I dont think it is a onetakesall scenario in the battle We use at home but on t",1
"Which is better

  

 APPL
 
 ",2
"Anyone else sick to death of  Every time I switch you off you come back like a Bmovie bad guy GO AWAY",1
"Watch and Google like a hawk keep an eye on and keep on the backburner Advice from our co",2
"Which Personal Assistant is the Smartest
  
",2
"Microsoft buys a startup that wants AI to make conversation with humans ",0
"Rubino Well I guess cares otherwise why would be in the in the first place It",2
"Just asked to beat box 

And Im still giggling 

",0
"I see you 
   ",0
"OK Google  Can you tell me some stats on by  via",0
"",0
"Leaked Software Build Hints At Amazon And Voice Integration",1
"Microsoft Looks Set to Allow Amazon Alexa and Google Assistant on The Xbox One",2
"Id much rather control my Xbox with the only assistant I need D",0
"Microsoft acquires Semantic Machines advancing the state of conversational AI
 ",2
"Well well tired of Cortana Or just want more help Well guess what Amazon Alexa and google assistant is most li",2
"Xbox One To Support Alexa amp Google Assistant Soon ",2
"Xbox One To Support Alexa amp Google Assistant Soon ",2
"If a screenshot sent to Windows Central is to believed gamers will soon have two new digital assistants available",2
"If a screenshot sent to Windows Central is to believed gamers will soon have two new digital assistants available",2
"Okay thanks but Im actually about to board the aircraft",2
"One may soon welcome and Assistant A leaked One screenshot from an upcoming build sugge",2
"One week later will announce death of for sure",1
"more assistive than assistant Welcome back Clippy edUAUBDedUBUE Nobody needs you nobody wants you
And its on",2
"Rubino The downplaying of follows the pattern of denying its all over deemphasisi",1
"The end of  is happening faster than I imagined Once said that their voice assistant",2
"Most owners dont use their devices to online and more than half say its because of a lack of",1
"If you get the error message Start menu and have stopped working look here",1
"Cortana abandonware again Microsoft is bringing Alexa and Google Assistance to Xbox One ",2
"I dont believe does have any intentions or visions for consumer edUAUBDedUBUAA even opened its doors for",2
"of writing on LikeAGirl They can be integrated with products we use daily",2
"Cortana abandonware again Microsoft is bringing Alexa and Google Assistance to Xbox One",2
"Is this the first step is taking to kill off my and 
Frightening",1
"How to Disable Cortana on Windows Home  
",1
"Dorset Mobile just worked With on board including her instructions as voice navigation on easy integr",2
"Mobile just worked With on board including her instructions as voice navigation on easy",2
"Microsoft just bought an startup to improve  skills

",2
"Finding their  enter the enterpise gtgt gtgt  ",0
"May the th it is Find the Easter egg you can thBeWithYou",0
"on are content to rely on our digital assistants for just one or a handful of specific tasks",2
"Smart Speakers and Millions of Opportunities for Developers ",2
"Smart Speakers and Millions of Opportunities for Developers ",2
"Smart Speakers and Millions of Opportunities for Developers ",2
"Smart Speakers and Millions of Opportunities for Developers ",2
"Microsoft acquires Semantic Machines advancing the state of conversational AI
 ",2
"Microsoft acquires Semantic Machines advancing the state of conversational AI
",2
"A Womans intelligence comprises of an IRRATIONALITY and an Infinity The irrational part is Emotional Intelligence",1
"gives some RESPECT",2
"The Future of      ",0
"The view certainly helped sodoku sheer poetry",2
"The beings that actually control everything today are the same beings that gave us inventions like furbies and wors",2
"If you get the error message Start menu and have stopped working look here",1
"A Womans intelligence comprises of an IRRATIONALITY and an Infinity The irrational part is Emotional Intelligenc",1
" Copy The is at the ready has a line on the memories of an ancient ruin that allows",2
"Copy The is at the ready has a line on the memories of an ancient ruin tha",2
"Saw you review on Invoke vs Echo For would you now consider Invoke worthwhile Also has o",2
"How to Disable Cortana on Windows Pro  
",1
"This morning I tweeted about NOT capitalizing on their ideas I forgot the b",0
"Ever try conversing with Cortana in a different language Nori an Insider from Argentina chats with Cortana in Japane",0
"
Which of the following has Jennifer Taylor NOT voiced 
edUAUBCedUBUA  edUAUBCedUBUA 
edUAUBCedUBUA or edUAUBCedUBUA",0
"If you get the error message Start menu and have stopped working look here",1
"AIISMYFriend blog 

Purpose of blog



  ",0
"Finally seeing everyone start to ramp up efforts with their assistantslets keep it up

",2
"How do I   So that it will NEVER update EVER AGAIN Also want to out",0
"Alexa Eavesdropping Flub ReSparks Voice Assistant Privacy Debate via ",1
"Alexa Eavesdropping Flub ReSparks Voice Assistant Privacy Debate",1
"My computer just popped up a blue circle and a message reading tap and ask how many pints are in a litre I did w",2
"and join forces to sort you out 
Alexa can now schedule meetings with your contacts",2
"Amazing Cortana Cosplay 
     ",2
"Amazing Cortana Cosplay 
     ",2
"Most owners dont use their devices to online and more than half say its because of a lack of",1
"Coverage from of following and 

",0
" Dreaming about what else Voice could bring to your product with custom via Altrans",0
"While practicing extreme humanization turn off cell phone Body language has upside 
aside No ",0
"just bought an  to improve 
",2
"If you get the error message Start menu and have stopped working look here",1
"Check Me Out Setting Up My Halo Channel edUAUBDedUBUD

customs 
 
  ",0
"Coverage from of following and 

",0
"just bought an  to improve 
",2
"s been trying to schedule a group hang with  and edUAUBDedUBU",1
"If you use  to identify a song well that part of the service has been shut down for awhile so",2
"Inch from is now up for Patrons and is VERY NSFW If you want to check it out head on over and pledge a",2
"Master Chief amp Cortana
Become my Patreon Member today to get the FullSize No Watermark version",0
"Coverage from of following and 

",0
"Seriously  dont risk it where are the warnings edUAUBEedUBU",1
"new video up later today at PST  ",2
"new video up later today at PST",2
"Joy 
 
 
amp 
are listening 
 to youUEUEUEUE
            UDUEUEUEUF",2
"Joy 
 
 
amp 
are listening 
 to youUEUEUEUE
            UDUEUEUEUF",2
"
 
 
amp 
are listening 
 to youUEUEUEUE
            UDUEUEUEUF",0
"Nobody is going to ask to talk to",2
"Microsoft Windows update is an utter mare WARNING  do not update read up on all the errors fi",1
"Cortana is the native to a computer Use for almost anything Here are a few",0
"is the most popular personal assistant today in the enterprise",2
"Over billion people will use digital assistants by edUAUBDedUBUAedUAUBEedUBUedUAUBDedUBUA

HT edUAUBDedUBUedUAUBCedUBFUBDedUAUBDedUBUedUAUBCedUBFUBDedUAUBDedUBUedUAUBCedUBFUBD

",0
"So I got frustrated that cortana wasnt hearing what I said and told her she was fired and this is her response",1
"If you get the error message Start menu and have stopped working look here",1
"Youd think someone has recorded  and all in a room together duking it out Reminder to sel",0
"Finding their  enter the enterpise gtgt gtgt  ",0
"I figured that when my computers app said lets set up your",0
"Hey you should do what I said here but for",0
"And on that topic 

Does anyone even use  edUAUBCedUBEUA",0
"is acquiring conversational AI startup Semantic Machines in an effort to make bots and intelligent assis",2
"enough of this Im so ashamed that Americans are pretending not to know these devices are collecting info",1
"Just  holding  from 
Today is going well",2
"In the name of assistance like These   tech companies are maki",2
"Tonights piece 
  edUAUBCedUBEUAedUAUBCedUBCUUUFEF",0
"What To Do If Files Are Missing After Windows April Update",1
"We asked  or 

Her replyThats like choosing between SpiderMan and Superman Oh wait

What do",2
"We asked  or 

Her replyThats like choosing between SpiderMan and Superman Oh wait",2
"can we we have a future where Cortana show me MSFT closing price every day at pm actua",0
"fankat So

You didnt surrender that AI

 ",1
"These figures say a lot Also if one tracks embedded voice rec software then will feature prominently an",2
"csit announces new conversational center of excellence to work alongside other AI initiatives like Intel",2
"and join forces to sort you out 
Alexa can now schedule meetings with your contacts",2
"Microsoft acquires company to make and sound more human via",0
"Are you trying to build your own  but with custom voice models Look no further with the New M",2
"In case you missed this true story Amazons digital assistant is recording everything you say not just after the",0
"Yes they are listening always listening 
  
An Amazon Echo recorded a fam",2
"is pretty cool
So is the 
I just automated my AC
With Styrofoam and hot glue",2
"ratan Fixes Lock Screen Bypass Flaw

  ",1
"ratan Fixes Lock Screen Bypass Flaw

  ",1
"The leader of the edUAUBCedUBEUAEedUAUBDedUBAUedUAUBDedUBU",2
"is useless It seems like it always goes to the Web when the app is installed",1
"Edelman Software Could Help Anyone Unlock Your Computer ",0
"Software Could Help Anyone Unlock Your Computer",0
"Inaudible Signals can be used to hijack controlled digital assistants like",0
"ratan Fixes Lock Screen Bypass Flaw

  ",1
"Laura just asked what her favourite food was she replied chips silicone rather than organic edUAUBDedUBUB",2
"can be fooled by to give them access to your via 

 https",1
"Agree was valuable asset to test development of the in zero gravity Daily  She never t",2
"Microsoft acquires company to make and bots sound more human",0
"can be fooled by to give them access to your via 

 https",1
"ratan Fixes Lock Screen Bypass Flaw

  ",1
"Virtual assistants should be able to handle at least two different languages at the same time This would be a ga",0
"ratan Fixes Lock Screen Bypass Flaw

  ",1
"can be fooled by to give them access to your via 

 https",1
"Software Could Help Anyone Unlock Your Windows Computer via",0
"ratan Fixes Lock Screen Bypass Flaw

  ",1
"ratan Fixes Lock Screen Bypass Flaw

  ",1
"can be fooled by to give them access to your via 

",1
"My new design 
  ",2
"ratan Fixes Lock Screen Bypass Flaw

  ",1
"ratan Fixes Lock Screen Bypass Flaw

  ",1
"Fixes Lock Screen Bypass Flaw",1
"Isamashii Set Me Free Yuri Tag
Eden from Rez amp Cortana from Halo
Nuff said

 ",2
"Set Me Free Yuri Tag
Eden from Rez amp Cortana from Halo
Nuff said
",2
" How to Turn Off Cortana on a Windows PC",0
"seems to be doing updates for  This must be the first time",0
"Heres how Amazons Alexa will work with Microsofts Cortana ",2
"Feeling so happy that we have men and women in a workshop designing alternatives to ",2
"fixes critical amp important vulnerabilities the most critical vulnerability affects  w",1
"Things to Disable On Windows",1
"in Microsoft Windows Exploiting 

",1
"Microsoft fixes Cortana flaw that let hackers bypass Windows s lock screen via w Th",1
"Feeling so happy that we have men and women in a workshop designing alternatives to ",2
"Critical flaw in allowed access to sensitive files in locked devices",1
"Critical flaw in Cortana allowed access to sensitive files in locked devices",1
"can summon to break into  PCs",1
"Probably in some docs somewhere but after my Invoke wouldnt enter Bluetooth pairing using the button i tried He",0
" Allows Hackers to Break into your Locked Windows PC",1
"Want to Break Into a Locked Windows Device Ask Cortana CVE",1
"mitk Which also means you can execute from within how awesome is that Press WinKey paste PowerShell",2
" Allows Hackers to Break into your Locked Windows PC",1
"mitk Which also means you can execute from within how awesome is that Press WinKey paste PowerShell",2
"Feeling so happy that we have men and women in a workshop designing alternatives to ",2
"mitk Which also means you can execute from within how awesome is that Press WinKey paste PowerShell",2
"hey where is the checkbox to say never show me football things again I know how proud you are of a new skill but",2
"hey where is the checkbox to say never show me football things again I know how proud you are of a new s",2
"Voice assistants are starting to get hot in the business world ",1
"Is your computer up to date Our clients covered under one of our monthly maintenance plans are Contact us to find",2
" Allows to Break into your Locked PC
",1
" Allows to Break into your Locked PC
",1
"Feeling so happy that we have men and women in a workshop designing alternatives to ",2
"has patched a flaw in its virtual assistant that could enable hackers to bypass the lock screen",2
"Huge  allowed an attacker to  lock screen ",1
"Researchers Find That Can Be Used To  PCs",0
"mitk Which also means you can execute from within how awesome is that Press WinKey paste PowerShell",2
"If youre interested in especially as a performance support tool then you should book onto",2
"Feeling so happy that we have men and women in a workshop designing alternatives to ",2
"Feeling so happy that we have men and women in a workshop designing alternatives to",2
" vulnerability has been patched  Update",1
"Hey Cortana how security dumb are intelligent digital assistants",2
"Want to access some files on your locked Win is here to help feature discontinued with recent patch",1
"Which also means you can execute from within how awesome is that Press WinKey paste Powe",2
"News Cortana Hack Lets You Change Passwords on Locked PCs

 ",1
"Microsoft fixes Cortana flaw that let hackers bypass Windows s lock screen",1
"Hey can you this PC 
 ",0
"com  has been patched",0
"This weeks patch Tuesday fixes critical bugs including a DNSrelated remote code execution flaw and an exploit in the",1
"Could Help Anyone Hack Your Computer
",1
"Security Hole Docker Hub Woes and Intel FPU Speculation Vulnerability
 ",1
"Matters
 how do you spell",0
"com  has been patched",0
"Software Could Help Anyone Your Windows 

",0
"Researchers Find That Can Be Used To  PCs",0
"Researchers Find That Can Be Used To  PCs",0
"Chatbots the good the bad and the ugly",1
"How to Turn Off on a Windows PC",0
"Students find a way to break into PCs using fault in voice assistant",1
"Very funny green screen and Im happy to have with me edUAUBDedUBU",2
"Locked  can leak sensitive via ",1
"Youve heard of  and now meet Erica The virtual financial assistant for cus",0
"might be super helpful at keeping track of your lists but it turns out its not so great at kee",2
"I have several different computersVMS if Cortana bugs me one more time about the world cup",0
"Hey why the advertisement on Win Enterprise with domain joined",2
"I enjoy the lore built up through the books the backstory and whatnot However the last Halo kinda went weird pl",2
"Hack Lets You Change Passwords on Locked PCs",1
"Locked PCs can leak sensitive data via 


 


",1
"com  has been patched",0
"Having pop up the results of the world cup matches is the most investment Im willing to make to keep me i",2
"fixes flaw that let hackers sic bypass Windows s lock screen opt",1
"fixes flaw that let hackers sic bypass Windows s lock screen",1
"This issue is fixed in the latest Windows cumulative update but I would still recommend disabling the Hey Cort",1
"Hey Cortana did Patch Tuesday fix a serious lock screen bug
",1
"If you get the error message Start menu and have stopped working look here",1
"com  has been patched",0
"com  has been patched",0
"has been patched",0
"Daily on soccer world Cup",0
"I thought that excruciating ad finished this lots career",1
"There it is can summon to break into  PCs  via",1
"Good morning attendees Its the last day of the conference but therere lots of awesome sessions today Incl",2
"How to Turn Off on a  PC",0
"Hackers can summon  to break into Windows PCs",1
"which digital assistant is the funniest  or  tested their in",2
"Good morning attendees Its the last day of the conference but therere lots of awesome sessions today Incl",2
"June Patch Tuesday Issues Fixes For ",0
"Software Could Help Anyone Unlock Your  Computer

",0
"Locked  can leak sensitive via",1
"Helps Hack Locked Computers
",2
"Cortana Software Could Help Anyone Unlock Your Windows Computer",0
"If you get the error message Start menu and have stopped working look here",1
"Hey why the advertisement on Win Enterprise with domain joined",2
"Good morning attendees Its the last day of the conference but therere lots of awesome sessions today Incl",2
"Cortana Hack Lets You Change Passwords on Locked PCs",1
"Microsoft fixes Cortana flaw that let hackers bypass Windows s lock screen",1
"Hey why the advertisement on Win Enterprise with domain joined",2
"Want to Break Into a Locked Windows Device Ask Cortana CVE",1
"can summon to break into PCs via ",1
"Good morning attendees Its the last day of the conference but therere lots of awesome sessions today Incl",2
"Good morning attendees Its the last day of the conference but therere lots of awesome sessions today Incl",2
"June  Issues Fixes for",0
"Good morning attendees Its the last day of the conference but therere lots of awesome sessions today Incl",2
"Hackers can summon to break into Windows PCs The Verge",1
"security flaw lets hackers use to bypass your",1
"Hey did fix a serious lock screen bug",1
"Hey did fix a serious lock screen bug",1
"Hey did Tuesday fix a serious lock screen bug",1
"could have been used to into Windows 
",0
"Microsoft Stops Cortana From Giving People Access To Your PC Toms Hardware",1
"Good morning attendees Its the last day of the conference but therere lots of awesome sessions today",2
"Want to Break Into a Locked Windows Device Ask Cortana CVE",1
"Security Ransomware Holes Play Protect and More
",2
"Software Could Help Anyone Your  Computer

",0
"Security Ransomware Holes Play Protect and More
",2
" Allows to Break into your Locked PC
",1
"Want to Break Into a Locked Windows Device Ask Cortana CVE",1
"Software Could Help Anyone Unlock Your Computer",0
"This is why we update our computers friends

 ",0
"Hackers can summon to break into 

",1
"Clever research from s team reveals vulnerability simply typing while Cortana starts to listen to",2
"Please make sure to update your operating systems now otherwise might let in some uninvited gu",2
"June Tuesday Issues Fixes for",0
"Hackers can summon Cortana to break into Windows PCs",1
"Want to Break Into a Locked Windows Device Ask Cortana CVE",1
"Want to Break Into a Locked Windows Device Ask Cortana CVE",1
"Windows users could find Hackers exploiting a weakness in CortanaCortana still has the hump about the Halo fr",1
"Want to Break Into a Locked Windows Device Ask Cortana CVE",1
"I realise you arent likely to tell me when but Id there a speaker coming to the UK in the future",0
"Latest patch update by has revealed an easily exploitable vulnerability in the friendly AI ass",1
"Cortana Hack Lets You Change Passwords on Locked PCs",1
" Allows Hackers to Break into your Locked PC httpst",1
"Locked Win PCs can leak sensitive data via Cortana ",0
"Want to Break Into a Locked Windows Device Ask Cortana CVE",1
"Want to Break Into a Locked Windows Device Ask Cortana CVE",1
"Want to Break Into a Locked Windows Device Ask Cortana CVE",1
"Want to Break Into a Locked Windows Device Ask Cortana CVE",1
" Allows Hackers to Break into your Locked PC",1
"ebg Researchers from have discovered that you can trick into opening up a contextual menu which can then be used f",1
"Lets You Change on Locked PCs

",0
"Microsoft patches the Cortana bug which allows a malicious PowerShell script to run using the lock screen if you have phys",1
"Cortana Hack Lets You Change Passwords on Locked PCs  ",1
"fixes flaw that let bypass Windows s lock screen",1
"Break Into a Locked Windows Device Ask 
edUAUBDedUBUBB
",1
"Dear  surpassed you although she is younger now this",2
" etc are enlightening They help demonstrate as long as these things actually sell ho",2
"Want to Break Into a  Device Ask CVE",1
"This weeks patch Tuesday fixes critical bugs including a DNSrelated remote code execution flaw and an exploit in the",1
" discovers executionvulnerability using s",0
"Which Personal Assistant do you like   ",2
"Cortana Hack Lets You Change Passwords on Locked PCs",1
"Update Windows now to fix this pesky Cortana security flaw",1
"Cortana Hack Lets You Change Passwords on Locked PCs",1
"reveals projected growth for voice tech among enterprises with leading the charge",2
"Software Could Help Anyone Unlock Your Computer",0
"Over billion people will use digital assistants by edUAUBDedUBUAedUAUBEedUBUedUAUBDedUBUA

HT edUAUBDedUBUedUAUBCedUBFUBDedUAUBDedUBUedUAUBCedUBFUBDedUAUBDedUBUedUAUBCedUBFUBD

",0
"can summon to break into  PCs",1
"Time to check this out 

Cortana Hack Lets You Change Passwords on Locked PCs",1
"can summon to break into  PCs",1
"Im quite impressed by the innovative and varied ways that gets my eldest daughters name wrong every time",2
"Update Your Now to Fix This Pesky  Flaw via",1
"I disable each time I install anyway",1
"Can Be An Accomplice In Of Locked PCs Patch Now  via",0
" just spammed me with sports even though I have explicitly disabled that interest from the Notebook so why not adve",1
" just spammed me with sports even though I have explicitly disabled that interest from the Notebook so why not adve",1
"to check this out 

Cortana Hack Lets You Change Passwords on Locked PCs",1
"Researchers from have discovered that you can trick into opening up a contextual menu which can th",1
"Cortana Hack Lets You Change Passwords on Locked PCs",1
"Worried about the recent vulnerability With JumpClouds Disable Cortana policy on  you can",1
"Microsoft patches the Cortana bug which allows a malicious PowerShell script to run using the lock screen if you have phys",1
"Cortana Hack Lets You Change Passwords on Locked PCs",1
"Want to break into a locked  device Ask  ",1
"can be used to Windows PCs",0
"can be used to Windows PCs might be super helpful at keeping track of your shopping lis",2
"Microsoft patches the Cortana bug which allows a malicious PowerShell script to run using the lock screen if you ha",1
"Cortana can be used to hack Windows PCs   ",1
"Software could help anyone unlock your computer",0
"June Patch Tuesday Issues Fixes for DNS",0
"Time to check this out 

Cortana Hack Lets You Change Passwords on Locked PCs",1
"to check this out 

Cortana Hack Lets You Change Passwords on Locked PCs",1
"Time to check this out 

Cortana Hack Lets You Change Passwords on Locked PCs",1
"No it most definitely isnt",0
"This weeks patch Tuesday fixes critical bugs including a DNSrelated remote code execution flaw and an exploit in the",1
"This weeks patch Tuesday fixes critical bugs including a DNSrelated remote code execution flaw and an exploit in the",1
" just spammed me with sports even though I have explicitly disabled that interest from the Notebook so why not adve",1
"This weeks patch Tuesday fixes critical bugs including a DNSrelated remote code execution flaw and an exploit in the",1
"Our blog on vulnerabilities on Windows Cortana is now live see below for full details and insight on this interesting at",2
"This weeks patch Tuesday fixes critical bugs including a DNSrelated remote code execution flaw and an exploit in the",1
"This weeks patch Tuesday fixes critical bugs including a DNSrelated remote code execution flaw and an exploit in the",1
"kaspersky This weeks patch Tuesday fixes critical bugs including a DNSrelated remote code execution flaw",1
"This weeks patch Tuesday fixes critical bugs including a DNSrelated remote code execution flaw and an exploit",1
"This weeks patch Tuesday fixes critical bugs including a DNSrelated remote code execution flaw and an exploit in the",1
"This weeks patch Tuesday fixes critical bugs including a DNSrelated remote code execution flaw and an exploit in the",1
" is a rudderless product with no vision It is sad to see it go down like this",2
"This weeks patch Tuesday fixes critical bugs including a DNSrelated remote code execution flaw and an exploit",1
"party time edUAUBDedUBUedUAUBDedUBUedUAUBDedUBU


  ",0
"party time edUAUBDedUBUedUAUBDedUBUedUAUBDedUBU


  ",0
"party time edUAUBDedUBUedUAUBDedUBUedUAUBDedUBU
",0
"Alright You all have done an amazing job thus far with 

She has unique personality and does e",2
"Voice assistants are starting to get hot in the business world ",1
"This weeks patch Tuesday fixes critical bugs including a DNSrelated remote code execution flaw and an exploit",1
" just spammed me with sports even though I have explicitly disabled that interest from the Notebook so why not adve",1
"just spammed me with sports even though I have explicitly disabled that interest from the Notebook so w",1
"popped up to tell me how useful it can",2
"Want to Break Into a Locked Windows Device Ask Cortana CVE",1
"Hack Lets You Change Passwords on Locked PCs v",1
"patched a in  that allowed to access a locked PC amp even",0
" alles derselbe shit",1
"Microsoft has issued a Windows security update to prevent hackers from breaking into PCs using Cortana",1
"hack lets you change your password on locked PC
",1
"Cortana Software Could Help Anyone Unlock Your Windows Computer
 ",0
"is highlighting how to quickly get uninstalled",0
"Software Could Help Anyone Unlock Your Windows Computer",0
"Im at in Cambridge MA today tomorrow and on Thursday If youre here too Ill be happy to chat",2
"Can Be An Accomplice In Burglary Of Locked PCs Patch Now via",1
"Can Be An Accomplice In Of Locked PCs Now via",0
"Critical flaw in Cortana enabled execution of PowerShell commands on locked devices",1
"Can Be An Accomplice In Burglary Of Locked PCs Patch Now via",1
"Me with 
 ",0
"Cortana Hack Lets You Change Passwords on Locked PCs",1
"Cortana Hack Lets You Change Passwords on Locked PCs",1
"Cortana Hack Lets You Change Passwords on Locked PCs",1
"Cortana Hack Lets You Change Passwords on Locked PCs",1
"can summon to break into PCs

",1
"Cortana Hack Lets You Change Passwords on Locked PCs",1
"Cortana Hack Lets You Change Passwords on Locked PCs",1
"Cortana Hack Lets You Change Passwords on Locked PCs",1
"Cortana Hack Lets You Change Passwords on Locked PCs",1
"Cortana Hack Lets You Change Passwords on Locked PCs",1
"June  Issues Fixes for",0
"June  Issues Fixes for",0
"A new survey of IT pros found that percent of businesses want to implement Cortana into their operations over the next two y",2
"releases patches for critical bugs in  DNS and more servi",1
"A new survey of IT pros found that percent of businesses want to implement Cortana into their operations over the next two y",2
"A new survey of IT pros found that percent of businesses want to implement Cortana into their operations over the next two y",2
"A new survey of IT pros found that percent of businesses want to implement Cortana into their operations over t",2
"I always thought Cortana was annoying but this changes things She can be helpful too",0
"releases patches for critical bugs in  DNS and more servi",1
"can summon  to break into ",1
"The battle of the assistants should definitely include",2
"Register for The Voice of Healthcare Summit Tuesday August Boston MA here via 

",0
"June  Issues Fixes for",0
"June  Issues Fixes for",0
"June  Issues Fixes for",0
"June Microsoft issues fixes for DNS Via",0
"June  Issues Fixes for",0
"Critical in enabled execution of commands on locked devices",1
"Thanks for keeping me updated with the World Cup",2
"releases patches for critical bugs in  DNS and more",1
"can summon to break into PCs",1
"Hackers can summon Cortana to break into Windows PCs",1
"Dont count out Study predicts Microsofts will rival Amazon and Google in us",0
"Critical flaw in Cortana enabled execution of commands on locked devices ",1
"Hackers can summon to break into Windows PCs",1
"can summon to break into PCs",1
"The June  Update Review",0
"Hackers can summon to break into Windows PCs",1
"dont miss out on any of the action with notifications",2
"Using to break into Windows systems via UULabsU Tldr Patch your systems",1
"Hackers can summon to break into  PCs",1
"Great minds Think alike 
Apparently both Labs and us independently discovered and reported the arbitrary c",0
"Vulnerability Allows Windows to Be Hijacked Even When Locked ",1
"Vulnerability Allows Windows to Be Hijacked Even When Locked ",1
"Vulnerability Allows Windows to Be Hijacked Even When Locked ",1
"Im going to Short your Stock every day you keep from talking to the Internet",0
"Great minds Think alike 
Apparently both Labs and us independently discovered and reported the arbi",2
"When your Jarvis goes for the extramile to help you  ",0
"Thanks for keeping me updated with the World Cup",2
"Critical flaw in Cortana enabled execution of PowerShell commands on locked devices ",1
"Critical flaw in Cortana enabled execution of PowerShell commands on locked devices ",1
"will helpfully let you break into locked Windows PCs",1
"will helpfully let you break into locked Windows PCs ",1
"June Microsoft issues fixes for DNS",0
"Ohhh Mto Goddd thanks Microsoft
 ",2
"needs to learn how to break the ice before its starts overpromising",2
"Offs Critical flaw in Cortana enabled execution of PowerShell commands on locked devices",1
"Jumpstart your learning using  Win Stratis tshirts Invoke speaker Thank you",2
"Smart Speakers and Millions of Opportunities for Developers ",2
"June  Issues Fixes for",0
"Critical security flaw in Cortana allowed execution of Powershell commands on locked devices",1
"New Vulnerability Could Allow Cybercriminals to Bypass Lock Screen On Devices",2
"Critical flaw in Cortana enabled execution of PowerShell commands on locked devices",1
"Critical flaw in Cortana enabled execution of PowerShell commands on locked devices",1
"Critical flaw in Cortana enabled execution of PowerShell commands on locked devices",1
"Critical flaw in Cortana enabled execution of PowerShell commands on locked devices",1
"Critical flaw in Cortana enabled execution of PowerShell commands on locked devices",1
"Critical flaw in Cortana enabled execution of PowerShell commands on locked devices",1
"June Patch Tuesday Issues Fixes for  via",0
"June Microsoft issues fixes for DNS",0
"June Microsoft issues fixes for DNS",0
"Register for The Voice of Healthcare Summit Tuesday August Boston MA here via 

",0
"It was a nice surprise to have a notification about the stocks I track in MSN MoneyI routinely check th",2
"If you get the error message Start menu and have stopped working look here",1
"Which Personal Assistant do you like   ",2
"June Microsoft issues fixes for DNS",0
"June Microsoft issues fixes for DNS",0
" Introduction to   is part of a larger course M",0
"Watch out Google Assistant and Alexa Here comes Cortana
 via ",0
"Im at in Cambridge MA today tomorrow and on Thursday If youre here too Ill be happy to chat",2
"Want to Break Into a Locked Windows Device Ask CVE Congrats to Cedric Cochin and",2
"Register for The Voice of Healthcare Summit Tuesday August Boston MA here via 

",0
"Register for The Voice of Healthcare Summit Tuesday August Boston MA here via 

",0
"Register for The Voice of Healthcare Summit Tuesday August Boston MA here via 

",0
"Register for The Voice of Healthcare Summit Tuesday August Boston MA here via 

",0
"Dont count out Study predicts  will rival and in",0
"Register for The Voice of Healthcare Summit Tuesday August Boston MA here via 

",0
"Youve heard of  and now meet Erica The virtual financial assistant for customers",0
"Youve heard of  and now meet Erica The virtual financial assistant for cus",0
"Our blog on vulnerabilities on Windows Cortana is now live see below for full details and insight on this inte",0
"Smart Speakers and Millions of Opportunities for Developers ",2
"Jumpstart your learning using  Win Stratis tshirts Invoke speaker Thank you",2
"Smart Speakers and Millions of Opportunities for Developers ",2
"Nobody is going to ask to talk to",2
"If you get the error message Start menu and have stopped working look here",1
"Im at in Cambridge MA today tomorrow and on Thursday If youre here too Ill be happy to chat",2
"Im at in Cambridge MA today tomorrow and on Thursday If youre here too Ill be happy to chat",2
"Im at in Cambridge MA today tomorrow and on Thursday If youre here too Ill be happy to chat",2
"Machine Learning AI session by 
 
",2
"Machine Learning AI session by 
 
",2
"business   what comes to mind when you hear these names",0
"Machine Learning AI session by 
 
",2
"Machine Learning AI session by 
 
",2
"Machine Learning AI session by 
 
",2
"Hey Cortana why would and misspell the product name of the voice activated speake",0
"Thank you Really looking forward to continuing the story  i",2
"DaysOfCode d DaysOfCode 

Artificial Intelligence
 Bots Created QnA with Knowledge base on Microso",2
"Thank you Really looking forward to continuing the story  i",2
"DaysOfCode d DaysOfCode 

Artificial Intelligence
 Bots Created QnA with Knowledge base on Microso",2
"DaysOfCode d DaysOfCode 

Artificial Intelligence
 Bots Created QnA with Knowledge base on Microso",2
"DaysOfCode d DaysOfCode 

Artificial Intelligence
 Bots Created QnA with Knowledge base on Microso",2
"DaysOfCode d DaysOfCode 

Artificial Intelligence
 Bots Created QnA with Knowledge base on",2
"How do you make a  angry Escalate     ",1
"is the next   halo",0
"business   what comes to mind when you hear these names",0
"If you get the error message Start menu and have stopped working look here",1
"My Sufacepro suggest I ask when the game is needles to say I need a new laptop mine got th",2
"This stylish Cortana

",2
" You just didnt update your bio and selectively edit the settings",0
"When Im not going to bed yet Daily",0
"Overview of Cortana Skills Kit
",0
"of course is best for me",2
"is coming

",0
"The latest Windows Phone News",0
"Thought Id have a play with tonight USELESS In fact I think its even dumber than Trump Recognition",1
"Negative Outcome Not Good    ",1
"The future of Cortana is all about helping you work better on Windows and beyond",2
"For me and fall into the same category Things that spam you while you are trying to do get things done",1
"Understanding Technical Debt in Software Testing
  ",2
"Find out how and machine learning technologies such as  and  will affect",2
"Is the chip being used by now a brand new AI in Infinite Id like to think its an old",2
"Find out how and machine learning technologies such as  and  will affect mar",2
"Find out how and machine learning technologies such as  and  will affect",2
"Xbox One To Support Alexa amp Google Assistant Soon ",2
"Understanding Technical Debt in Software Testing",2
"Windows Phone Features I Cant L   ",0
"Homemade  Device with Arduino",0
"If I could find out whoever made it so you CANT SHUT OFF I would",0
"its not free New W update should solve this problem of texting from the PC You can actually text from",2
"Cortana help me to configure my laptop computer ",0
"Why not edUAUBDedUBU ",0
"Setting up microphone function for your edUAUBDedUBUBD PC is faster than choosing a character for",2
"Had a new laptop running for all of minutes and already hate and  

If I want to install",2
"Something along these lines might be something for to add to being able to talk to other digital assistants",2
"When can we say is dead in the consumer space",1
"Daily",0
"While the press focuses on the dont look at  with one of the worst",1
"Look closely and tell me what you see   ",0
"I really really want to use but the proactive cards have been removed from  was kille",2
"demonstrates and integration",0
"If you get the error message Start menu and have stopped working look here",1
" By now you probably know all of their names for personal use But did you know",0
"For no particular reason I would like to hear     and perhaps",2
"Is there no place I can go no Windows product I can buy that is free from the scourge known as",0
" what comes to mind when you hear these names",0
"Threeandhalf hours later the new update has still to finalise Complete with the unwanted u",2
"FRIDAY Shaping up to be a pretty chill weekend relaxing with friends edUAUBDedUBUB

 ",2
"If you get the error message Start menu and have stopped working look here",1
"will you PLEASE allow us adults to control the level of language filtering on  Im an",2
"Microsofts and Amazons Are Now Working Together Adweek",2
"Hum What about the easy sharing of files between devices  that we own without having to c",2
"FRIDAY Shaping up to be a pretty chill weekend relaxing with friends edUAUBDedUBUB

",2
"s and  Are Now Working Together",2
"If you get the error message Start menu and have stopped working look here",1
"thanks for the amp like and retweet",2
" and  Are Now Working Together",2
"Poznanovic burnout syndrome",1
"Check out the comparison between vs vs vs  httpstco",0
"and  Are Now Working Together",2
"burnout syndrome",1
"There is nothing in this world I loathe more than yelling at me at blaring volume every time I reset a computer",1
"integration with",0
"Experientialdata questing for mememarket money yields payment of Experience Points  Qu",2
"Humans use bot systems to guide the reallife pursuit amp collection of highdemand scarcelyavailable experiential",2
"Memeeconomy use cases bot responsible for predicting how their host will experience each menuitem at a",2
"Correction not edUAUBDedUBU unveiled the smart speaker Still hope  is added wit",2
"Yeah this was not the best week for Microsoft support
I kinda think theres no such thing as Micro",2
"Will eventually show up on new smartypants speaker The obvious big are there Although",2
"edUAUBDedUBU POLL TIME

Whats the most promising industry for voice assistants

 ",2
" what comes to mind when you hear these names 

From business",0
"In todays world Voice Assistant is making a huge impact

I have written a blog on Ways in which Voice command i",0
"business   what comes to mind when you hear these names",0
"From Today we introduce for PC solutions from Original Design Manufacturers Mariel van Tatenhove o",2
"Master Chief Arbiter and Cortana playing splitscreen A mini LAN party This is NOT my art nor am I taking credit",2
" what comes to mind when you hear these names",0
"Master Chief Arbiter and Cortana playing splitscreen A mini LAN party This is NOT my art nor am I taking credit",2
"Master Chief Arbiter and Cortana playing splitscreen A mini LAN party This is NOT my art nor am I taking cred",2
"xt Hi who is s GF",0
"yep we canceled ours because of the house upgrade
I just wish could have a bit of discipl",2
"From Today we introduce for PC solutions from Original Design Manufacturers Mariel van T",2
"is the most popular personal assistant today in the enterprise ",2
"is the most popular personal assistant today in the enterprise ",2
"Microsoft acquires company to make and sound more ",0
"Microsoft acquires company to make and sound more ",0
"Seo Hyelin of as from video game series
 ",0
"I havent connected mine yet but it looks like Ill be doing that tonight 
",0
"Give Github some XP flair

For Memories

",2
"I feel these are the exact things has been lacking for quite some time There is very litt",1
" what comes to mind when you hear these names",0
"Advances in AI will be an iteration of the convergence of todays buzzwords big data cloud computing biometric v",2
"Which of the following has Jennifer Taylor NOT voiced 
edUAUBCedUBUA       edUAUBCedUBUA 
edUAUBCedUBUA or edUAUBCedUBUA",0
"Are children developing rude interpersonal skills by watching adults bluntly interact with  or",1
"I tried to use on a Windows Phone but was told that I need to be older before it will help me and I a",0
"Is This Fun In Its Raw Form 
Shall We Ask  amp 

More Info amp Booking",2
"Daily",0
"How voice assistants will make money  ",2
"Finally got a chance to crystalize my thoughts on Microsoft build conference Over sessions so lots to abs",2
"shoutouts to automatic updates and edUAUBDedUBUAedUAUBDedUBUAedUAUBDedUBUA",0
"Alexa finally learns French trails other assistants to France",2
"If you get the error message Start menu and have stopped working look here",1
" and A new study shows that digital assistants are improving year on year",2
